<?xml version="1.0" encoding="UTF-8"?>
<beans xmlns="http://www.springframework.org/schema/beans"
       xmlns:xsi="http://www.w3.org/2001/XMLSchema-instance"
       xsi:schemaLocation="http://www.springframework.org/schema/beans http://www.springframework.org/schema/beans/spring-beans.xsd">

    <!--配置shiro安全管理器-->
    <bean id="securityManager" class="org.apache.shiro.web.mgt.DefaultWebSecurityManager">
        <property name="cacheManager" ref="cacheManager"/><!--缓存管理器-->
        <!-- Single realm app.  If you have multiple realms, use the 'realms' property instead. -->
        <!--单realm时：-->
        <!--<property name="realm" ref="jdbcRealm"/>-->
        <!--多realm时：其中可设置认证策略（全部通过/任何一个通过）-->
        <!--<property name="authenticator" ref="authenticator"/>-->
        <property name="realms">
            <list>
                <ref bean="jdbcRealm"/>
                <ref bean="secondRealm"/>
            </list>
        </property>
        <!--rememberMe功能的cookie时效设置，可断点查看：DelegatingSubject的login方法的this.securityManager对象-->
        <property name="rememberMeManager.cookie.maxAge" value="10"/>
    </bean>


    <!-- Let's use some enterprise caching support for better performance.  You can replace this with any enterprise
         caching framework implementation that you like (Terracotta+Ehcache, Coherence, GigaSpaces, etc -->
    <!-- 配置EhCache:需添加依赖及配置文件 -->
    <bean id="cacheManager" class="org.apache.shiro.cache.ehcache.EhCacheManager">
        <property name="cacheManagerConfigFile" value="classpath:ehcache.xml"/>
    </bean>

    <!-- Used by the SecurityManager to access security data (users, roles, etc).
         Many other realm implementations can be used too (PropertiesRealm,
         LdapRealm, etc. -->
    <!--第一个realm-->
    <bean id="jdbcRealm" class="com.tab.realms.ShiroRealm">
        <property name="credentialsMatcher">
            <bean class="org.apache.shiro.authc.credential.HashedCredentialsMatcher">
                <!--密码MD5加密-->
                <property name="hashAlgorithmName" value="MD5"/>
                <!--加密1024次-->
                <property name="hashIterations" value="1024"/>
            </bean>
        </property>
    </bean>
    <!--第二个realm-->
    <bean id="secondRealm" class="com.tab.realms.ShiroRealm_2">
        <property name="credentialsMatcher">
            <bean class="org.apache.shiro.authc.credential.HashedCredentialsMatcher">
                <!--密码sha1加密-->
                <property name="hashAlgorithmName" value="SHA1"/>
                <!--加密1024次-->
                <property name="hashIterations" value="1024"/>
            </bean>
        </property>
    </bean>
    <!--认证器:可不配置，默认情况是一个realm通过即可-->
    <bean id="authenticator" class="org.apache.shiro.authc.pam.ModularRealmAuthenticator">
        <!--多realm，可放在此处，亦可直接配于securityManager中-->
        <!--<property name="realms">
            <list>
                <ref bean="jdbcRealm"/>
                <ref bean="secondRealm"/>
            </list>
        </property>-->
        <!--认证策略：默认情况是只要有一个realm认证通过即可-->
        <property name="authenticationStrategy">
           <!-- <bean class="org.apache.shiro.authc.pam.AtLeastOneSuccessfulStrategy"/>--><!--任何一个realm通过-->
            <bean class="org.apache.shiro.authc.pam.AllSuccessfulStrategy"/><!--所有realm通过-->
        </property>
    </bean>
    <!-- =========================================================
         Shiro Spring-specific integration
         ========================================================= -->
    <!-- Post processor that automatically invokes init() and destroy() methods
         for Spring-configured Shiro objects so you don't have to
         1) specify an init-method and destroy-method attributes for every bean
            definition and
         2) even know which Shiro objects require these methods to be
            called. -->
    <!--Shiro生命周期处理器:用来调用配置在springIOC容器中的shirobean的生命周期方法-->
    <bean id="lifecycleBeanPostProcessor" class="org.apache.shiro.spring.LifecycleBeanPostProcessor"/>

    <!-- Enable Shiro Annotations for Spring-configured beans.  Only run after
         the lifecycleBeanProcessor has run: -->
    <!--启用shiro注解：但必须在配置了LifecycleBeanPostProcessor之后才可以使用-->
    <bean class="org.springframework.aop.framework.autoproxy.DefaultAdvisorAutoProxyCreator"
          depends-on="lifecycleBeanPostProcessor"/>
    <bean class="org.apache.shiro.spring.security.interceptor.AuthorizationAttributeSourceAdvisor">
        <property name="securityManager" ref="securityManager"/>
    </bean>

    <!--该bean id必须同web.xml中的filter name相同-->
    <bean id="xxoo" class="org.apache.shiro.spring.web.ShiroFilterFactoryBean">
        <!-- shiro的核心安全接口 -->
        <property name="securityManager" ref="securityManager"/>
        <!--拦截到的未授权（登陆）的请求会重定向到该页面-->
        <property name="loginUrl" value="/login.jsp"/>
        <property name="successUrl" value="/succ.jsp"/>
        <!--没有权限（登陆认证后的试图越权访问）重定向的页面-->
        <property name="unauthorizedUrl" value="/unauthorized.jsp"/>
        <!--anon:可以被匿名访问
            authc:必须认证（登陆）才能访问-->
        <!-- shiro过滤约束配置:配置那些页面需要受保护，以及访问这些页面需要的权限 -->
        <!--方式一：-->
        <property name="filterChainDefinitions">
            <value>
                <!--第一次匹配优先原则，so:以下配置需要注意顺序，将可以匿名访问的页面放在前面-->
                /login.jsp = anon
                /shiro/login = anon
                /interceptor.jsp = anon
                /shiro/logout = logout<!-- 会调用Subject的logout方法,此方法会将session清空 -->
                <!--角色过滤器-->
                /9527.jsp = authc
                /9527.jsp = roles[007]
                /9528.jsp = authc
                /9528.jsp = roles[008]
                /rememberMe.jsp = user
                /** = authc
            </value>
        </property>
        <!--方式二：-->
       <!-- <property name="FilterChainDefinitionMap" ref="filterChainDefinitionMap"/>-->
    </bean>
    <!--方式二：实例工厂-->
    <!--<bean id="shiroFilter" class="com.tab.filters.ShiroFilter"/>-->
    <!--方式二：工厂方法-->
    <!--<bean id="filterChainDefinitionMap" factory-bean="shiroFilter" factory-method="build"/>-->
</beans>