<?xml version="1.0" encoding="UTF-8"?>
<beans xmlns="http://www.springframework.org/schema/beans"
       xmlns:xsi="http://www.w3.org/2001/XMLSchema-instance"
       xmlns:context="http://www.springframework.org/schema/context"
       xmlns:mvc="http://www.springframework.org/schema/mvc"
       xsi:schemaLocation="http://www.springframework.org/schema/beans http://www.springframework.org/schema/beans/spring-beans.xsd http://www.springframework.org/schema/context http://www.springframework.org/schema/context/spring-context.xsd http://www.springframework.org/schema/mvc http://www.springframework.org/schema/mvc/spring-mvc.xsd">

    <context:component-scan base-package="com.tab" use-default-filters="false"><!-- 禁用默认的扫描方式 -->
        <!-- 只扫描有controller注解的com.tab下的bean -->
        <context:include-filter type="annotation" expression="org.springframework.stereotype.Controller"/>
    </context:component-scan>


    <bean class="org.springframework.web.servlet.view.InternalResourceViewResolver">
        <property name="suffix" value=".jsp"/>
        <property name="prefix" value="/WEB-INF/pages/"/>
    </bean>

    <mvc:annotation-driven></mvc:annotation-driven>
    <!-- 放行静态资源 -->
    <mvc:default-servlet-handler/>
    <mvc:interceptors>
       <mvc:interceptor>
           <mvc:mapping path="/shiro/login"/>
           <bean class="com.tab.interceptor.MyIntercptor"/>
       </mvc:interceptor>
    </mvc:interceptors>
</beans>