<?xml version="1.0" encoding="UTF-8"?>
<beans xmlns="http://www.springframework.org/schema/beans"
       xmlns:xsi="http://www.w3.org/2001/XMLSchema-instance"
       xmlns:context="http://www.springframework.org/schema/context"
       xsi:schemaLocation="http://www.springframework.org/schema/beans http://www.springframework.org/schema/beans/spring-beans.xsd http://www.springframework.org/schema/context http://www.springframework.org/schema/context/spring-context.xsd">


    <context:component-scan base-package="com.tab"/>
    <!--生产者-->
    <bean id="jmsFactory" class="org.apache.activemq.pool.PooledConnectionFactory" destroy-method="stop">
        <property name="connectionFactory">
            <bean class="org.apache.activemq.ActiveMQConnectionFactory">
                <property name="brokerURL" value="tcp://192.168.75.102:61616"/>
            </bean>
        </property>
        <property name="maxConnections" value="100"/>
    </bean>
    <!--队列目的地-->
    <bean id="destinationQueue" class="org.apache.activemq.command.ActiveMQQueue">
        <constructor-arg index="0" value="spring_active_queue"/>
    </bean>

    <!--主题-->
    <bean id="destinationTopic" class="org.apache.activemq.command.ActiveMQTopic">
        <constructor-arg index="0" value="spring_active_topic"/>
    </bean>

    <!--spring 提供的jms工具类 提供消息发送，接收等-->
    <bean id="jmsTemplate" class="org.springframework.jms.core.JmsTemplate">
        <property name="connectionFactory" ref="jmsFactory"/>
        <property name="defaultDestination" ref="destinationQueue"/>
        <property name="messageConverter">
            <bean class="org.springframework.jms.support.converter.SimpleMessageConverter"/>
        </property>
    </bean>

    <!--消费者监听模式-->
   <!-- <bean id="jmsContainer" class="org.springframework.jms.listener.DefaultMessageListenerContainer">
        <property name="connectionFactory" ref="jmsFactory"/>
        <property name="destination" ref="destinationTopic"/>
        &lt;!&ndash;implements MessageListener&ndash;&gt;
        <property name="messageListener" ref="myMessageListener"/>
     </bean>
-->
</beans>